{
  "tracker_broadcast": {
    "type": "array",
    "dropshadow": true,
    "margin": "10",
    "content": [
      {
        "type": "array",
        "orientation": "vertical",
        "content": [
          {
            "type": "itemgrid",
            "h_alignment": "center",
            "item_margin": "3,3",
            "item_size": 72,
            "rows": [
          ["charge", "wide", "plasma", "wave", "green"],
          ["normalmissile", "supermissile", "diffusionmissile", "icemissile", "powercell"],
          ["morph", "hijump", "speed", "ice"],
          ["normalbomb", "space", "yellow", "powerbomb"],
          ["varia", "gravity", "red", "screw", "energytank", "reservex"]
            ]
          }
        ]
      }
    ]
  }
}
