[
  {
    "name": "Charge Beam",
    "type": "toggle",
    "img": "images/ChargeBeam.png",
    "codes": "charge"
  },
  {
    "name": "Wide Beam",
    "type": "toggle",
    "img": "images/WideBeam.png",
    "codes": "wide"
  },
  {
    "name": "Plasma Beam",
    "type": "toggle",
    "img": "images/PlasmaBeam.png",
    "codes": "plasma"
  },
  {
    "name": "Wave Beam",
    "type": "toggle",
    "img": "images/WaveBeam.png",
    "codes": "wave"
  },
  {
    "name": "Ice Beam",
    "type": "toggle",
    "img": "images/IceBeam.png",
    "codes": "ice"
  },
  {
    "name": "Super Missile Data",
    "type": "toggle",
    "img": "images/SuperMissileData.png",
    "codes": "supermissile"
  },
  {
    "name": "Diffusion Missile Data",
    "type": "toggle",
    "img": "images/DiffusionMissileData.png",
    "codes": "diffusionmissile"
  },
  {
    "name": "Ice Missile Data",
    "type": "toggle",
    "img": "images/IceMissileData.png",
    "codes": "icemissile"
  },
  {
    "name": "Hi-Jump",
    "type": "toggle",
    "img": "images/HiJump.png",
    "codes": "hijump"
  },
  {
    "name": "Speed Booster",
    "type": "toggle",
    "img": "images/SpeedBooster.png",
    "codes": "speed"
  },
  {
    "name": "Space Jump",
    "type": "toggle",
    "img": "images/SpaceJump.png",
    "codes": "space"
  },
  {
    "name": "Screw Attack",
    "type": "toggle",
    "img": "images/ScrewAttack.png",
    "codes": "screw"
  },
  {
    "name": "Morph Ball",
    "type": "toggle",
    "img": "images/MorphBall.png",
    "codes": "morph"
  },
  {
    "name": "Bomb Data",
    "type": "toggle",
    "img": "images/NormalBombData.png",
    "codes": "normalbomb"
  },
  {
    "name": "Varia Suit",
    "type": "toggle",
    "img": "images/VariaSuit.png",
    "codes": "varia"
  },
  {
    "name": "Gravity Suit",
    "type": "toggle",
    "img": "images/GravitySuit.png",
    "codes": "gravity"
  },
  {
    "name": "Gray Locks",
    "type": "toggle",
    "img": "images/GrayLocks.png",
    "codes": "gray"
  },
  {
    "name": "Blue Locks",
    "type": "toggle",
    "img": "images/BlueLocks.png",
    "codes": "blue"
  },
  {
    "name": "Green Locks",
    "type": "toggle",
    "img": "images/GreenLocks.png",
    "codes": "green"
  },
  {
    "name": "Yellow Locks",
    "type": "toggle",
    "img": "images/YellowLocks.png",
    "codes": "yellow"
  },
  {
    "name": "Red Locks",
    "type": "toggle",
    "img": "images/RedLocks.png",
    "codes": "red"
  },
  {
    "name": "Energy Tank",
    "type": "consumable",
    "img": "images/EnergyTank.png",
    "max_quantity": 14,
    "increment": 1,
    "codes": "energytank"
  },
  {
    "name": "Reserve X",
    "type": "consumable",
    "img": "images/ReserveX.png",
    "max_quantity": 7,
    "increment": 1,
    "codes": "reservex"
  },
  {
    "name": "Missile Data",
    "type": "consumable",
    "img": "images/NormalMissileData.png",
    "initial_quantity": 5,
    "min_quantity": 5,
    "max_quantity": 50,
    "increment": 1,
    "codes": "normalmissile"
  },
  {
    "name": "Power Bomb Data",
    "type": "consumable",
	"img": "images/PowerBombData.png",
	"max_quantity": 25,
    "increment": 1,
    "codes": "powerbomb"
  },
  {
    "name": "Power Cell",
    "type": "consumable",
    "img": "images/PowerCell.png",
    "max_quantity": 5,
    "increment": 1,
    "codes": "powercell"
  },
]